name,name,t_LSDn,nuclide
10-MPS-008-NNS,No Name Spur,863024,N10quartz
10-MPS-008-NNS,No Name Spur,0,N14quartz
10-MPS-008-NNS,No Name Spur,15746,N14quartz
10-MPS-012-NNS,No Name Spur,1044244,N10quartz
10-MPS-012-NNS,No Name Spur,13354,N14quartz
10-MPS-013-NNS,No Name Spur,33388,N14quartz
10-MPS-013-NNS,No Name Spur,11169,N14quartz
10-MPS-013-NNS,No Name Spur,8273,N14quartz
10-MPS-015-CSP,Mt. Coulter south peak ,1338668,N10quartz
10-MPS-015-CSP,Mt. Coulter south peak ,12345,N14quartz
10-MPS-016-CSP,Mt. Coulter south peak ,16326,N14quartz
10-MPS-022-CSP,Mt. Coulter south peak ,8370,N14quartz
10-MPS-024-CSP,Mt. Coulter south peak ,194233,N10quartz
10-MPS-024-CSP,Mt. Coulter south peak ,5758,N14quartz
10-MPS-031-CSP,Mt. Coulter south peak ,360807,N10quartz
10-MPS-031-CSP,Mt. Coulter south peak ,0,N14quartz
10-MPS-035-CSP,Mt. Coulter south peak ,224066,N10quartz
10-MPS-035-CSP,Mt. Coulter south peak ,1082,N14quartz
10-MPS-038-NNS,No Name Spur,591526,N10quartz
10-MPS-038-NNS,No Name Spur,12037,N14quartz
10-MPS-039-NNS,No Name Spur,0,N14quartz
10-MPS-039-NNS,No Name Spur,7938,N14quartz
10-MPS-043-NNS,No Name Spur,254234,N10quartz
10-MPS-043-NNS,No Name Spur,10421,N14quartz
10-MPS-046-NNS,No Name Spur,317871,N10quartz
10-MPS-046-NNS,No Name Spur,0,N14quartz
10-MPS-046-NNS,No Name Spur,0,N14quartz
10-MPS-046-NNS,No Name Spur,24192,N14quartz
10-MPS-046-NNS,No Name Spur,0,N14quartz
10-MPS-051-NVO,Mt. Nervo,12160,N14quartz
11-ATH-201-WAR,Mt. Warnke massif,10095,N14quartz
11-ATH-202-WAR,Mt. Warnke massif,10299,N14quartz
10-LAR-018-SJO,"Sjogren-Boydell fjord, unnamed nunatak C",4767,N10quartz
10-LAR-018-SJO,"Sjogren-Boydell fjord, unnamed nunatak C",5506,N14quartz
10-LAR-018-SJO,"Sjogren-Boydell fjord, unnamed nunatak C",7224,N14quartz
10-LAR-022-SJO,"Sjogren-Boydell fjord, unnamed nunatak C",4284,N10quartz
10-LAR-022-SJO,"Sjogren-Boydell fjord, unnamed nunatak C",7370,N14quartz
10-LAR-022-SJO,"Sjogren-Boydell fjord, unnamed nunatak C",8986,N14quartz
10-LAR-023-SJO,"Sjogren-Boydell fjord, unnamed nunatak C",3299,N10quartz
10-LAR-023-SJO,"Sjogren-Boydell fjord, unnamed nunatak C",0,N14quartz
10-LAR-024-SJO,"Sjogren-Boydell fjord, unnamed nunatak C",3359,N10quartz
10-LAR-024-SJO,"Sjogren-Boydell fjord, unnamed nunatak C",6927,N14quartz
10-LAR-024-SJO,"Sjogren-Boydell fjord, unnamed nunatak C",10814,N14quartz
10-LAR-033-DRY,"Drygalski Glacier, unnamed nunatak E",6191,N10quartz
10-LAR-033-DRY,"Drygalski Glacier, unnamed nunatak E",1747,N14quartz
10-LAR-034-DRY,"Drygalski Glacier, unnamed nunatak E",4741,N10quartz
10-LAR-034-DRY,"Drygalski Glacier, unnamed nunatak E",5337,N14quartz
10-LAR-034-DRY,"Drygalski Glacier, unnamed nunatak E",6346,N14quartz
10-LAR-035-DRY,"Drygalski Glacier, unnamed nunatak E",5452,N10quartz
10-LAR-035-DRY,"Drygalski Glacier, unnamed nunatak E",6208,N14quartz
10-LAR-035-DRY,"Drygalski Glacier, unnamed nunatak E",8421,N14quartz
04-DW-033-BR,Mt. DeWitt,673657,N10quartz
04-DW-033-BR,Mt. DeWitt,0,N14quartz
04-DW-035-BR,Mt. DeWitt,713404,N10quartz
04-DW-035-BR,Mt. DeWitt,0,N14quartz
04-DW-040-BR,Mt. DeWitt,1032819,N10quartz
04-DW-040-BR,Mt. DeWitt,0,N14quartz
04-DW-043-BR,Mt. DeWitt,409717,N10quartz
04-DW-043-BR,Mt. DeWitt,7596,N14quartz
04-DW-046-ERR,Mt. DeWitt,7909,N14quartz
04-DW-047-BR,Mt. DeWitt,649536,N10quartz
04-DW-047-BR,Mt. DeWitt,0,N14quartz
04-DW-047-BR,Mt. DeWitt,8041,N14quartz
CF_119_08,Mt. Skidmore,1525493,N10quartz
CF_119_08,Mt. Skidmore,8822,N14quartz
CF_120_08,Mt. Skidmore,598603,N10quartz
CF_120_08,Mt. Skidmore,8367,N14quartz
CF_36_08,Mt. Skidmore,720123,N10quartz
CF_36_08,Mt. Skidmore,11929,N14quartz
CF_44_08,Mt. Skidmore,1422167,N10quartz
CF_44_08,Mt. Skidmore,9250,N14quartz
CF_104_08,Mt. Skidmore,1022975,N10quartz
CF_104_08,Mt. Skidmore,14114,N14quartz
CF_108_08,Mt. Skidmore,609302,N10quartz
CF_108_08,Mt. Skidmore,17692,N14quartz
CF_143_08,Mt. Skidmore,777754,N10quartz
CF_143_08,Mt. Skidmore,13262,N14quartz
CF_147_08,Mt. Skidmore,490893,N10quartz
CF_147_08,Mt. Skidmore,0,N14quartz
CF_60_08,Mt. Skidmore,1025028,N10quartz
CF_60_08,Mt. Skidmore,1931,N14quartz
CF_160_08,Mt. Provender,789437,N10quartz
CF_160_08,Mt. Provender,0,N14quartz
CF_184_08,Mt. Provender,40757,N10quartz
CF_184_08,Mt. Provender,4750,N14quartz
01-MBL-132-BBD,Mt. Rea - The Billboard massif,117002,N10quartz
01-MBL-132-BBD,Mt. Rea - The Billboard massif,24085,N14quartz
01-MBL-131-BBD,Mt. Rea - The Billboard massif,97138,N10quartz
01-MBL-131-BBD,Mt. Rea - The Billboard massif,0,N14quartz
01-MBL-144-REA,Mt. Rea - The Billboard massif,44637,N10quartz
01-MBL-144-REA,Mt. Rea - The Billboard massif,9706,N14quartz
01-MBL-148-REA,Mt. Rea - The Billboard massif,44155,N10quartz
01-MBL-148-REA,Mt. Rea - The Billboard massif,0,N14quartz
01-MBL-168-GAP,Mt. Rea - The Billboard massif,3423,N10quartz
01-MBL-168-GAP,Mt. Rea - The Billboard massif,6404,N14quartz
FLO-18-CJF,Flowers Hills 1,20770,N10quartz
FLO-18-CJF,Flowers Hills 1,13636,N14quartz
FLO-19-CJF,Flowers Hills 2,42410,N10quartz
FLO-19-CJF,Flowers Hills 2,17332,N14quartz
F2014-UG-16,Meyer Hills,41460,N10quartz
F2014-UG-16,Meyer Hills,14562,N14quartz
F2014-UG-27,Meyer Hills,35438,N10quartz
F2014-UG-27,Meyer Hills,7938,N14quartz
14-TUG-010-SKB,Skua Basin,8239,N14quartz
14-TUG-011-SKB,Skua Basin,10254,N14quartz
14-TUG-013-SKF,Shark Fin,22324,N10quartz
14-TUG-013-SKF,Shark Fin,14886,N14quartz
14-TUG-014-SKF,Shark Fin,69130,N10quartz
14-TUG-014-SKF,Shark Fin,17181,N14quartz
14-TUG-019-SKF,Shark Fin,22463,N10quartz
14-TUG-019-SKF,Shark Fin,20962,N14quartz
14-TUG-020-SKF,Shark Fin,24320,N10quartz
14-TUG-020-SKF,Shark Fin,13954,N14quartz
14-TUG-021-SKF,Shark Fin,24878,N10quartz
14-TUG-021-SKF,Shark Fin,17301,N14quartz
14-TUG-022-SKF,Shark Fin,20850,N10quartz
14-TUG-022-SKF,Shark Fin,20153,N14quartz
14-TUG-023-SKF,Shark Fin,43387,N10quartz
14-TUG-023-SKF,Shark Fin,0,N14quartz
14-TUG-024-SKF,Shark Fin,19900,N10quartz
14-TUG-024-SKF,Shark Fin,9489,N14quartz
14-TUG-025-SKF,Shark Fin,40266,N10quartz
14-TUG-025-SKF,Shark Fin,12189,N14quartz
14-TUG-026-SKF,Shark Fin,29482,N10quartz
14-TUG-026-SKF,Shark Fin,10651,N14quartz
14-TUG-033-CCR,Crater Cirque,37969,N10quartz
14-TUG-033-CCR,Crater Cirque,5089,N14quartz
14-TUG-034-CCR,Crater Cirque,88947,N10quartz
14-TUG-034-CCR,Crater Cirque,6736,N14quartz
14-TUG-035-CCR,Crater Cirque,10574,N14quartz
14-TUG-036-CCR,Crater Cirque,15905,N14quartz
14-TUG-036-CCR,Crater Cirque,10490,N14quartz
14-TUG-036-CCR,Crater Cirque,12150,N14quartz
14-TUG-037-CCR,Crater Cirque,13711,N14quartz
14-TUG-038-CCR,Crater Cirque,15012,N14quartz
14-TUG-038-CCR,Crater Cirque,17911,N14quartz
14-TUG-038-CCR,Crater Cirque,19625,N14quartz
14-TUG-038-CCR,Crater Cirque,12490,N14quartz
14-TUG-039-SKB,Skua Basin,38061,N14quartz
14-TUG-040-SKB,Skua Basin,17609,N14quartz
14-TUG-041-SKB,Skua Basin,35961,N14quartz
14-AVG-001-RDF,Ridge F,7815,N14quartz
14-AVG-001-RDF,Ridge F,6793,N14quartz
14-AVG-002-RDF,Ridge F,8426,N14quartz
14-AVG-003-RDF,Ridge F,9701,N14quartz
14-AVG-004-RDF-A,Ridge F,11326,N14quartz
14-AVG-004-RDF-B,Ridge F,11085,N14quartz
14-AVG-005-RDF,Ridge F,9591,N14quartz
14-BTN-001-MZS,Mario Zucchelli Station,106503,N10quartz
14-BTN-001-MZS,Mario Zucchelli Station,8439,N14quartz
14-BTN-002-MZS,Mario Zucchelli Station,7186,N10quartz
14-BTN-002-MZS,Mario Zucchelli Station,7663,N14quartz
14-BTN-003-MZS,Mario Zucchelli Station,47114,N10quartz
14-BTN-003-MZS,Mario Zucchelli Station,8077,N14quartz
99-MBL-010-MGM,Migmatite Ridge,18718,N10quartz
99-MBL-010-MGM,Migmatite Ridge,10684,N14quartz
99-MBL-010-MGM,Migmatite Ridge,25222,N14quartz
99-MBL-020-MGM,Migmatite Ridge,27297,N10quartz
99-MBL-020-MGM,Migmatite Ridge,3658,N14quartz
99-MBL-020-MGM,Migmatite Ridge,6879,N14quartz
99-MBL-031-MGM,Migmatite Ridge,17249,N10quartz
99-MBL-031-MGM,Migmatite Ridge,6615,N14quartz
99-MBL-031-MGM,Migmatite Ridge,4462,N14quartz
01-MBL-014-ATW,Mt. Atwood,39413,N10quartz
01-MBL-014-ATW,Mt. Atwood,17471,N14quartz
01-MBL-056-DAR,Mt. Darling,102543,N10quartz
01-MBL-056-DAR,Mt. Darling,0,N14quartz
01-MBL-077-MCG,Mt. McClung,187544,N10quartz
01-MBL-077-MCG,Mt. McClung,8364,N14quartz
01-MBL-078-MCG,Mt. McClung,92409,N10quartz
01-MBL-078-MCG,Mt. McClung,7101,N14quartz
01-MBL-079-MCG,Mt. McClung,43994,N10quartz
01-MBL-079-MCG,Mt. McClung,6445,N14quartz
15-ROB-034-COL,Southwest col,5197440,N10quartz
15-ROB-034-COL,Southwest col,0,N14quartz
15-ROB-036-ARM,Arena moraine,7866,N14quartz
15-ROB-039-ARM,Arena moraine,0,N14quartz
13-NTK-044-WHT,Whitmore Mountains,6089116,N10quartz
13-NTK-044-WHT,Whitmore Mountains,18940,N14quartz
13-NTK-045-WHT,Whitmore Mountains,0,N10quartz
13-NTK-045-WHT,Whitmore Mountains,0,N10quartz
13-NTK-045-WHT,Whitmore Mountains,0,N14quartz
13-NTK-043-WHT,Whitmore Mountains,0,N10quartz
13-NTK-043-WHT,Whitmore Mountains,30142,N14quartz
13-NTK-042-WHT,Whitmore Mountains,0,N10quartz
13-NTK-042-WHT,Whitmore Mountains,12639,N14quartz
13-NTK-041-WHT,Whitmore Mountains,2593657,N10quartz
13-NTK-041-WHT,Whitmore Mountains,13419,N14quartz
13-NTK-040-WHT,Whitmore Mountains,5270266,N10quartz
13-NTK-040-WHT,Whitmore Mountains,0,N14quartz
13-NTK-039-WHT,Whitmore Mountains,2449542,N10quartz
13-NTK-039-WHT,Whitmore Mountains,3172909,N10quartz
13-NTK-039-WHT,Whitmore Mountains,40974,N14quartz
13-NTK-038-WHT,Whitmore Mountains,1346340,N10quartz
13-NTK-038-WHT,Whitmore Mountains,15090,N14quartz
13-NTK-037-WHT,Whitmore Mountains,0,N10quartz
13-NTK-037-WHT,Whitmore Mountains,12518,N14quartz
13-NTK-036-WHT,Whitmore Mountains,4606681,N10quartz
13-NTK-036-WHT,Whitmore Mountains,14682,N14quartz
JS2010-R9-7-1,Hunt Bluff,145576,N10quartz
JS2010-R9-7-1,Hunt Bluff,20621,N14quartz
JS2010-R9-7-2,Hunt Bluff,11179,N10quartz
JS2010-R9-7-2,Hunt Bluff,13169,N14quartz
JJ2015-CIN-102,Kay Peak cinder cone,7326,N10quartz
JJ2015-CIN-102,Kay Peak cinder cone,8753,N14quartz
JJ2015-CIN-108,Kay Peak cinder cone,6101,N10quartz
JJ2015-CIN-108,Kay Peak cinder cone,6149,N14quartz
JJ2015-CIN-112,Kay Peak cinder cone,6543,N10quartz
JJ2015-CIN-112,Kay Peak cinder cone,3376,N14quartz
JJ2015-TUR-117,Turtle Rock,6558,N10quartz
JJ2015-TUR-117,Turtle Rock,3030,N14quartz
JJ2015-TUR-132,Turtle Rock,6516,N10quartz
JJ2015-TUR-132,Turtle Rock,7839,N14quartz
JJ2015-TUR-123,Turtle Rock,10111,N10quartz
JJ2015-TUR-123,Turtle Rock,3796,N14quartz
JJ2015-TUR-138,Turtle Rock,10045,N10quartz
JJ2015-TUR-138,Turtle Rock,13996,N14quartz
JJ2015-KAY-101,Kay Peak,24393,N10quartz
JJ2015-KAY-101,Kay Peak,6006,N14quartz
JJ2015-KAY-103,Kay Peak,6739,N14quartz
JJ2015-KAY-105,Kay Peak,3655,N14quartz
JJ2015-KAY-107,Kay Peak,12489,N10quartz
JJ2015-KAY-107,Kay Peak,5493,N14quartz
JJ2015-KAY-108,Kay Peak,20986,N10quartz
JJ2015-KAY-108,Kay Peak,8222,N14quartz
JJ2015-KAY-109,Kay Peak,4460,N14quartz
JJ2015-KAY-110,Kay Peak,6503,N14quartz
JJ2015-KAY-111,Kay Peak,6493,N14quartz
JJ2015-NOT-103,Notebook Cliffs,9135,N10quartz
JJ2015-NOT-103,Notebook Cliffs,3264,N14quartz
JJ2015-NOT-104,Notebook Cliffs,8359,N10quartz
JJ2015-NOT-104,Notebook Cliffs,3976,N14quartz
JJ2015-NOT-107,Notebook Cliffs,8694,N10quartz
JJ2015-NOT-107,Notebook Cliffs,5110,N14quartz
B2016-007C-BR,Filla Island,48571,N10quartz
B2016-007C-BR,Filla Island,0,N14quartz
JJ2011-P11-11-4,Bowman Peninsula,410399,N10quartz
JJ2011-P11-11-4,Bowman Peninsula,7376,N14quartz
JJ2011-P11-14-1,Bowman Peninsula,90240,N10quartz
JJ2011-P11-14-1,Bowman Peninsula,2891,N14quartz
JJ2011-P11-13-5,Mt. Lampert,271131,N10quartz
JJ2011-P11-13-5,Mt. Lampert,7349,N14quartz
JJ2011-P11-12-6,Bowman Peninsula,488232,N10quartz
JJ2011-P11-12-6,Bowman Peninsula,6629,N14quartz
10-BDM-067-HOP,Mt. Hope,10483,N10quartz
10-BDM-067-HOP,Mt. Hope,10489,N14quartz
10-BDM-050-HOP,Mt. Hope,8402,N10quartz
10-BDM-050-HOP,Mt. Hope,4693,N14quartz
JJ2011-P11-12-1,Bowman Peninsula,5993,N14quartz
JJ2011-P11-12-2,Bowman Peninsula,7178,N14quartz
JJ2011-P11-13-3,Mt. Lampert,6714,N14quartz
JJ2011-P11-13-6,Mt. Lampert,6712,N14quartz
J2018-R001,"Cape Marsh, Robertson Island",2072,N10quartz
J2018-R001,"Cape Marsh, Robertson Island",2229,N14quartz
J2018-R004,"Cape Marsh, Robertson Island",5267,N10quartz
J2018-R004,"Cape Marsh, Robertson Island",5425,N14quartz
J2018-R006,"Cape Marsh, Robertson Island",1793,N10quartz
J2018-R006,"Cape Marsh, Robertson Island",340,N14quartz
J2018-F008,"Cape Framnes, Jason Peninsula",14727,N10quartz
J2018-F008,"Cape Framnes, Jason Peninsula",15906,N14quartz
J2018-F009,"Cape Framnes, Jason Peninsula",12193,N10quartz
J2018-F009,"Cape Framnes, Jason Peninsula",7796,N14quartz
J2018-F010,"Cape Framnes, Jason Peninsula",8651,N10quartz
J2018-F010,"Cape Framnes, Jason Peninsula",6171,N14quartz
J2018-F013,"Cape Framnes, Jason Peninsula",31159,N10quartz
J2018-F013,"Cape Framnes, Jason Peninsula",0,N14quartz
J2018-F014,"Cape Framnes, Jason Peninsula",12338,N10quartz
J2018-F014,"Cape Framnes, Jason Peninsula",22456,N14quartz
10-BDM-059-HOP,Mt. Hope,1833302,N10quartz
10-BDM-059-HOP,Mt. Hope,16497,N14quartz
10-BDM-063-HOP,Mt. Hope,790273,N10quartz
10-BDM-063-HOP,Mt. Hope,11354,N14quartz
10-BDM-085-HOP,Mt. Hope,334029,N10quartz
10-BDM-085-HOP,Mt. Hope,6349,N14quartz
10-BDM-057-HOP,Mt. Hope,327269,N10quartz
10-BDM-057-HOP,Mt. Hope,4053,N14quartz
JS2017-UW-03,"D'Urville Wall",9940,N14quartz
JS2017-MK-15,Mt. Kring,6788,N10quartz
JS2017-MK-15,Mt. Kring,14616,N14quartz
JS2017-MK-16,Mt. Kring,6551,N10quartz
JS2017-MK-16,Mt. Kring,12240,N14quartz
JS2017-MK-19,Mt. Kring,43076,N10quartz
JS2017-MK-19,Mt. Kring,10628,N14quartz
JS2017-MK-20,Mt. Kring,37342,N10quartz
JS2017-MK-20,Mt. Kring,11226,N14quartz
JS2017-MK-21,Mt. Kring,5944,N10quartz
JS2017-MK-21,Mt. Kring,9635,N14quartz
PRR-44832,Mount Crean,0,N14quartz
13-HAT-119-DAN,"Danum Platform, Britannia 1 deposits",7799,N10quartz
13-HAT-119-DAN,"Danum Platform, Britannia 1 deposits",8943,N14quartz
14-HAT-032-DH,Diamond Hill,294,N10quartz
14-HAT-032-DH,Diamond Hill,1441,N14quartz
14-HAT-036-DH,Diamond Hill,2271498,N10quartz
14-HAT-036-DH,Diamond Hill,11088,N14quartz
14-HAT-039-DH,Diamond Hill,435006,N10quartz
14-HAT-039-DH,Diamond Hill,5429,N14quartz
14-HAT-006-DH,Diamond Hill,883306,N10quartz
14-HAT-006-DH,Diamond Hill,37811,N14quartz
14-HAT-026-DH,Diamond Hill,503260,N10quartz
14-HAT-026-DH,Diamond Hill,6898,N14quartz
14-HAT-033-DH,Diamond Hill,15006,N10quartz
14-HAT-033-DH,Diamond Hill,473,N14quartz
19-KP-001-BR,Kay Peak,5060,N14quartz
19-KP-003-BR,Kay Peak,7845,N14quartz
19-KP-006-BR,Kay Peak,11617,N14quartz
19-KP-007-BR,Kay Peak,5155,N14quartz
19-KP-008-BR,Kay Peak,7245,N14quartz
19-KP-009-BR,Kay Peak,6996,N14quartz
19-KP-010-BR,Kay Peak,4457,N14quartz
19-KP-011-BR,Kay Peak,8901,N14quartz
19-KP-012-BR,Kay Peak,6261,N14quartz
A2020-UTSTE-1,Utsteinen blue ice moraine,102438,N10quartz
A2020-UTSTE-1,Utsteinen blue ice moraine,4599,N14quartz
A2020-UTSTE-2,Utsteinen blue ice moraine,107858,N10quartz
A2020-UTSTE-2,Utsteinen blue ice moraine,5768,N14quartz
A2020-UTSTE-3,Utsteinen blue ice moraine,72111,N10quartz
A2020-UTSTE-3,Utsteinen blue ice moraine,4242,N14quartz
A2020-KETEL-1,Ketelers blue ice moraine,103862,N10quartz
A2020-KETEL-1,Ketelers blue ice moraine,0,N14quartz
A2020-KETEL-2,Ketelers blue ice moraine,99011,N10quartz
A2020-KETEL-2,Ketelers blue ice moraine,0,N14quartz
A2020-KETEL-5,Ketelers blue ice moraine,304150,N10quartz
A2020-KETEL-5,Ketelers blue ice moraine,13585,N14quartz
A2020-KETEL-6,Ketelers blue ice moraine,421362,N10quartz
A2020-KETEL-6,Ketelers blue ice moraine,0,N14quartz
A2020-DRY-2,Vikinghogda massif blue ice moraine,29529,N10quartz
A2020-DRY-2,Vikinghogda massif blue ice moraine,0,N14quartz
A2020-DRY-3,Vikinghogda massif blue ice moraine,17177,N10quartz
A2020-DRY-3,Vikinghogda massif blue ice moraine,22224,N14quartz
NBP2002-SIF-01,Sif Island,3969,N14quartz
14-HAT-035-DH,Diamond Hill,4611,N14quartz
SB2019-ED2-19-2C1,Edwards Islands,3630,N10quartz
SB2019-ED2-19-2C1,Edwards Islands,0,N14quartz
SB2019-ED2-19-2C2,Edwards Islands,3539,N10quartz
SB2019-ED2-19-2C2,Edwards Islands,0,N14quartz
SB2019-LD-19-C1,Lindsey Islands,7410,N10quartz
SB2019-LD-19-C1,Lindsey Islands,0,N14quartz
SB2019-LD-19-C2,Lindsey Islands,8212,N10quartz
SB2019-LD-19-C2,Lindsey Islands,0,N14quartz
L2010-GR07,Camp Nunatak,649939,N10quartz
L2010-GR07,Camp Nunatak,0,N14quartz
01-MBL-003-VVB,Mt. Van Valkenburg,57760,N10quartz
01-MBL-003-VVB,Mt. Van Valkenburg,0,N14quartz
01-MBL-003-VVB,Mt. Van Valkenburg,0,N14quartz
FM-Dun-11-2,Dunlop Peak,11255,N10quartz
FM-Dun-11-2,Dunlop Peak,24143,N14quartz
10-MPS-006-COU,Mt. Coulter main massif,254979,N10quartz
10-MPS-006-COU,Mt. Coulter main massif,0,N14quartz
10-MPS-006-COU,Mt. Coulter main massif,33183,N14quartz
10-MPS-006-COU,Mt. Coulter main massif,13076,N14quartz
10-MPS-006-COU,Mt. Coulter main massif,10360,N14quartz
FM-NMas-23-6,North Masson Range,7669,N10quartz
FM-NMas-23-6,North Masson Range,10930,N14quartz
FM-NMas-20-7,North Masson Range,10786,N10quartz
FM-NMas-20-7,North Masson Range,11442,N14quartz
Goeh2011-A-Rho-1,Goeh2011-A,1124,N10quartz
Goeh2011-A-Rho-1,Goeh2011-A,1018,N14quartz
Goeh2011-A-Rho-2,Goeh2011-A,1378,N10quartz
Goeh2011-A-Rho-2,Goeh2011-A,966,N14quartz
Goeh2011-A-Rho-3,Goeh2011-A,2043,N10quartz
Goeh2011-A-Rho-3,Goeh2011-A,1556,N14quartz
Goeh2011-A-Rho-4,Goeh2011-A,4572,N10quartz
Goeh2011-A-Rho-4,Goeh2011-A,3315,N14quartz
Goeh2011-A-Rho-5,Goeh2011-A,105,N10quartz
Goeh2011-A-Rho-5,Goeh2011-A,230,N14quartz
Goeh2011-A-Rho-6,Goeh2011-A,2404,N10quartz
Goeh2011-A-Rho-6,Goeh2011-A,1096,N14quartz
Goeh2011-A-Rho-7,Goeh2011-A,2184,N10quartz
Goeh2011-A-Rho-7,Goeh2011-A,1116,N14quartz
Goeh2011-A-Rho-8,Goeh2011-A,3694,N10quartz
Goeh2011-A-Rho-8,Goeh2011-A,1765,N14quartz
Goeh2011-A-Rho-9,Goeh2011-A,3790,N10quartz
Goeh2011-A-Rho-9,Goeh2011-A,1913,N14quartz
Goeh2011-A-Rho-10,Goeh2011-A,4279,N10quartz
Goeh2011-A-Rho-10,Goeh2011-A,2249,N14quartz
Goeh2011-A-Rho-11,Goeh2011-A,5205,N10quartz
Goeh2011-A-Rho-11,Goeh2011-A,2850,N14quartz
Hipp2014-A-got-01,Gotthard Pass,12965,N10quartz
Hipp2014-A-got-01,Gotthard Pass,15061,N14quartz
Hipp2014-A-got-04,Gotthard Pass,11165,N10quartz
Hipp2014-A-got-04,Gotthard Pass,13892,N14quartz
Hipp2014-A-got-05,Gotthard Pass,10630,N10quartz
Hipp2014-A-got-05,Gotthard Pass,15245,N14quartz
Hipp2014-A-got-06,Gotthard Pass,13578,N10quartz
Hipp2014-A-got-06,Gotthard Pass,14701,N14quartz
Hipp2014-A-got-07,Gotthard Pass,10984,N10quartz
Hipp2014-A-got-07,Gotthard Pass,12948,N14quartz
Hipp2014-A-got-11,Gotthard Pass,10192,N10quartz
Hipp2014-A-got-11,Gotthard Pass,11322,N14quartz
Hipp2014-B-got-08,Gotthard Pass,12537,N10quartz
Hipp2014-B-got-08,Gotthard Pass,15468,N14quartz
Hipp2014-B-got-10,Gotthard Pass,12520,N10quartz
Hipp2014-B-got-10,Gotthard Pass,19695,N14quartz
06-HKY-05,Maol Chean Dearg,11462,N10quartz
06-HKY-05,Maol Chean Dearg,16535,N14quartz
06-HKY-05,Maol Chean Dearg,11363,N14quartz
06-HKY-05,Maol Chean Dearg,8528,N14quartz
06-HKY-06,Maol Chean Dearg,11576,N10quartz
06-HKY-06,Maol Chean Dearg,20504,N14quartz
06-HKY-06,Maol Chean Dearg,9864,N14quartz
06-HKY-07,Maol Chean Dearg,11402,N10quartz
06-HKY-07,Maol Chean Dearg,12637,N14quartz
06-HKY-07,Maol Chean Dearg,6656,N14quartz
06-HKY-08,Maol Chean Dearg,11431,N10quartz
06-HKY-08,Maol Chean Dearg,12440,N14quartz
06-HKY-10,Maol Chean Dearg,11458,N10quartz
06-HKY-10,Maol Chean Dearg,12944,N14quartz
06-HKY-10,Maol Chean Dearg,7237,N14quartz
06-HKY-11,Maol Chean Dearg,11765,N10quartz
06-HKY-11,Maol Chean Dearg,13926,N14quartz
06-HKY-01,Coire nan Arr,11479,N10quartz
06-HKY-01,Coire nan Arr,15082,N14quartz
06-HKY-03A,Coire nan Arr,12765,N10quartz
06-HKY-03A,Coire nan Arr,12734,N14quartz
06-HKY-03A,Coire nan Arr,9652,N14quartz
06-HKY-04,Coire nan Arr,11454,N10quartz
06-HKY-04,Coire nan Arr,18461,N14quartz
06-HKY-09,Maol Chean Dearg,11653,N14quartz
EG10-01,Engabreen Upper Transect,388,N10quartz
EG10-01,Engabreen Upper Transect,2680,N14quartz
EG10-02,Engabreen Upper Transect,8427,N10quartz
EG10-02,Engabreen Upper Transect,11341,N14quartz
EG10-03,Engabreen Upper Transect,1286,N10quartz
EG10-03,Engabreen Upper Transect,4895,N14quartz
EG10-04,Engabreen Upper Transect,8422,N10quartz
EG10-04,Engabreen Upper Transect,5563,N14quartz
EG10-09,Engabreen Lower Transect,200,N10quartz
EG10-09,Engabreen Lower Transect,1542,N14quartz
EG10-10,Engabreen Lower Transect,468,N10quartz
EG10-10,Engabreen Lower Transect,1252,N14quartz
EG10-12,Engabreen Lower Transect,449,N10quartz
EG10-12,Engabreen Lower Transect,1045,N14quartz
EG10-13,Engabreen Lower Transect,554,N10quartz
EG10-13,Engabreen Lower Transect,3710,N14quartz
STEI-16-12,"Steingletscher Bedrock riegel E' Chüebergli",5368,N10quartz
STEI-16-12,"Steingletscher Bedrock riegel E' Chüebergli",3678,N14quartz
STEI-16-10,"Steingletscher Bedrock riegel E' Chüebergli",3508,N10quartz
STEI-16-10,"Steingletscher Bedrock riegel E' Chüebergli",2195,N14quartz
Trio8,Val Ferret,235,N14quartz
Trio10,Val Ferret,417,N14quartz
KBR1-17GRO-08,KNS bedrock 1,16401,N10quartz
KBR1-17GRO-08,KNS bedrock 1,11263,N14quartz
KBR1-17GRO-09,KNS bedrock 1,16108,N10quartz
KBR1-17GRO-09,KNS bedrock 1,10468,N14quartz
KBR1-17GRO-10,KNS bedrock 1,12173,N10quartz
KBR1-17GRO-10,KNS bedrock 1,10748,N14quartz
KBR1-17GRO-11,KNS bedrock 1,9343,N10quartz
KBR1-17GRO-11,KNS bedrock 1,10869,N14quartz
KBR1-17GRO-12,KNS bedrock 1,22503,N10quartz
KBR1-17GRO-12,KNS bedrock 1,7284,N14quartz
KBR1-17GRO-13,KNS bedrock 1,14257,N10quartz
KBR1-17GRO-13,KNS bedrock 1,7001,N14quartz
KBR1-17GRO-14,KNS bedrock 1,18651,N10quartz
KBR1-17GRO-14,KNS bedrock 1,6860,N14quartz
KBR1-17GRO-71,KNS bedrock 1,6468,N10quartz
KBR1-17GRO-71,KNS bedrock 1,7605,N14quartz
KBR2-17GRO-72,KNS bedrock 2,6567,N10quartz
KBR2-17GRO-72,KNS bedrock 2,6809,N14quartz
KBR2-17GRO-73,KNS bedrock 2,6388,N10quartz
KBR2-17GRO-73,KNS bedrock 2,7080,N14quartz
KBR2-17GRO-74,KNS bedrock 2,6177,N10quartz
KBR2-17GRO-74,KNS bedrock 2,6106,N14quartz
KBR2-17GRO-75,KNS bedrock 2,6222,N10quartz
KBR2-17GRO-75,KNS bedrock 2,6655,N14quartz
GL1701,Near present ice sheet margin,72027,N10quartz
GL1701,Near present ice sheet margin,16434,N14quartz
GL1708,Near present ice sheet margin,30710,N10quartz
GL1708,Near present ice sheet margin,7209,N14quartz
GL1712,Outboard of present ice margin,9765,N10quartz
GL1712,Outboard of present ice margin,8392,N14quartz
GL1725,Marshall Bay,36668,N10quartz
GL1725,Marshall Bay,8138,N14quartz
14GROR-02,Sondre Isortoq 14GROR-02,5735,N14quartz
14GROR-02r,Sondre Isortoq 14GROR-02,5594,N14quartz
14GROR-03,Qaarajuttoq-14GROR-03,9109,N14quartz
14GROR-15,Sondre Stromfjord,2758,N14quartz
14GROR-16,Sondre Stromfjord,3092,N14quartz
14GROR-23,Qatqatsiaq Boulders and Bedrock,5772,N14quartz
14GROR-41,Qaarajuttoq-14GROR-41,13557,N14quartz
14GROR-43,Qaarajuttoq-14GROR-43,9936,N14quartz
18GRO-1A,Sisimiut Peninsula eastern site upland nunatak,74045,N10quartz
18GRO-1A,Sisimiut Peninsula eastern site upland nunatak,20850,N14quartz
18GRO-2,Sisimiut Peninsula eastern site upland nunatak,64493,N10quartz
18GRO-2,Sisimiut Peninsula eastern site upland nunatak,22848,N14quartz
18GRO-4,Sisimiut Peninsula western site upland nunatak,14720,N10quartz
18GRO-4,Sisimiut Peninsula western site upland nunatak,12978,N14quartz
18GRO-5,Sisimiut Peninsula western site upland nunatak,10932,N10quartz
18GRO-5,Sisimiut Peninsula western site upland nunatak,0,N14quartz
18GRO-9,Sisimiut Peninsula western site upland nunatak,10690,N10quartz
18GRO-9,Sisimiut Peninsula western site upland nunatak,12228,N14quartz
18GRO-11,Sisimiut Peninsula western site upland nunatak,14308,N10quartz
18GRO-11,Sisimiut Peninsula western site upland nunatak,12828,N14quartz
39-11QOO-01,Marrait moraine,8482,N10quartz
39-11QOO-01,Marrait moraine,8129,N14quartz
39-11QOO-02,Marrait moraine,8518,N10quartz
39-11QOO-02,Marrait moraine,10625,N14quartz
39-11QOO-03,Marrait moraine,8689,N10quartz
39-11QOO-03,Marrait moraine,9610,N14quartz
39-11QOO-04,Marrait moraine,8435,N10quartz
39-11QOO-04,Marrait moraine,9137,N14quartz
39-11QOO-05,Marrait moraine,8560,N10quartz
39-11QOO-05,Marrait moraine,9797,N14quartz
15-GH04,Grey Hunter massif outer moraine 5,40967,N10quartz
15-GH04,Grey Hunter massif outer moraine 5,0,N14quartz
15-GH05,Grey Hunter massif outer moraine 5,8449,N10quartz
15-GH05,Grey Hunter massif outer moraine 5,10002,N14quartz
15-GH06,Grey Hunter massif outer moraine 5,13527,N10quartz
15-GH06,Grey Hunter massif outer moraine 5,7788,N14quartz
15-GH10,Grey Hunter massif inner moraine 7,17267,N10quartz
15-GH10,Grey Hunter massif inner moraine 7,12414,N14quartz
15-GH11,Grey Hunter massif inner moraine 7,21232,N10quartz
15-GH11,Grey Hunter massif inner moraine 7,12191,N14quartz
15-GH12,Grey Hunter massif inner moraine 7,15324,N10quartz
15-GH12,Grey Hunter massif inner moraine 7,11805,N14quartz
15-GH13,Grey Hunter massif outer moraine 8,37775,N10quartz
15-GH13,Grey Hunter massif outer moraine 8,7983,N14quartz
15-GH14,Grey Hunter massif outer moraine 8,29525,N10quartz
15-GH14,Grey Hunter massif outer moraine 8,5637,N14quartz
15-GH15,Grey Hunter massif outer moraine 8,36679,N10quartz
15-GH15,Grey Hunter massif outer moraine 8,6738,N14quartz
SULO-15BBS-01,Sulung outer moraine,15838,N10quartz
SULO-15BBS-01,Sulung outer moraine,10189,N14quartz
SULO-15BBS-03,Sulung outer moraine,12816,N10quartz
SULO-15BBS-03,Sulung outer moraine,9437,N14quartz
SULO-15BBS-05,Sulung outer moraine,18588,N10quartz
SULO-15BBS-05,Sulung outer moraine,10407,N14quartz
PTMW-03,Mt. Washington,138495,N10quartz
PTMW-03,Mt. Washington,17891,N14quartz
PTK-07,Mount Katahdin,31510,N10quartz
PTK-07,Mount Katahdin,14551,N14quartz
MM-03,Mt. Mansfield,13761,N10quartz
MM-03,Mt. Mansfield,16070,N14quartz
MM-08,Mt. Mansfield,17563,N10quartz
MM-08,Mt. Mansfield,11944,N14quartz
MM-09,Mt. Mansfield,23078,N10quartz
MM-09,Mt. Mansfield,9851,N14quartz
MW-01-15,Mt. Washington,75103,N10quartz
MW-01-15,Mt. Washington,0,N14quartz
MW-02-15,Mt. Washington,32082,N10quartz
MW-02-15,Mt. Washington,0,N14quartz
MW-05-15,Mt. Washington,34560,N10quartz
MW-05-15,Mt. Washington,0,N14quartz
MW-13-15,Mt. Washington,32252,N10quartz
MW-13-15,Mt. Washington,15574,N14quartz
MW-15-15,Mt. Washington,14247,N10quartz
MW-15-15,Mt. Washington,11336,N14quartz
MW-22-15,Mt. Washington,77775,N10quartz
MW-22-15,Mt. Washington,29785,N14quartz
MW-23-15,Mt. Washington,47049,N10quartz
MW-23-15,Mt. Washington,25586,N14quartz
05-PPT-01,Promontory Point,19051,N10quartz
05-PPT-01,Promontory Point,18012,N10quartz
05-PPT-01,Promontory Point,18727,N10quartz
05-PPT-01,Promontory Point,19233,N10quartz
05-PPT-01,Promontory Point,18943,N10quartz
05-PPT-01,Promontory Point,19850,N10quartz
05-PPT-01,Promontory Point,27672,N14quartz
05-PPT-01,Promontory Point,28678,N14quartz
05-PPT-01,Promontory Point,0,N14quartz
05-PPT-01,Promontory Point,0,N14quartz
05-PPT-02,Promontory Point,19128,N10quartz
05-PPT-02,Promontory Point,17530,N10quartz
05-PPT-02,Promontory Point,17845,N10quartz
05-PPT-02,Promontory Point,18841,N10quartz
05-PPT-02,Promontory Point,18252,N10quartz
05-PPT-02,Promontory Point,18367,N10quartz
05-PPT-02,Promontory Point,0,N14quartz
05-PPT-02,Promontory Point,25836,N14quartz
05-PPT-02,Promontory Point,23908,N14quartz
05-PPT-02,Promontory Point,19238,N14quartz
05-PPT-02,Promontory Point,27145,N14quartz
05-PPT-03,Promontory Point,19088,N10quartz
05-PPT-03,Promontory Point,18697,N10quartz
05-PPT-03,Promontory Point,18377,N10quartz
05-PPT-03,Promontory Point,19177,N10quartz
05-PPT-03,Promontory Point,19759,N10quartz
05-PPT-03,Promontory Point,19039,N10quartz
05-PPT-03,Promontory Point,19527,N10quartz
05-PPT-03,Promontory Point,0,N14quartz
05-PPT-03,Promontory Point,26037,N14quartz
05-PPT-04,Promontory Point,18960,N10quartz
05-PPT-04,Promontory Point,18155,N10quartz
05-PPT-04,Promontory Point,18380,N10quartz
05-PPT-04,Promontory Point,18835,N10quartz
05-PPT-04,Promontory Point,19786,N10quartz
05-PPT-04,Promontory Point,18559,N10quartz
05-PPT-04,Promontory Point,19151,N10quartz
05-PPT-04,Promontory Point,0,N14quartz
05-PPT-04,Promontory Point,23123,N14quartz
05-PPT-04,Promontory Point,26353,N14quartz
05-PPT-05,Promontory Point,20388,N10quartz
05-PPT-05,Promontory Point,18462,N10quartz
05-PPT-05,Promontory Point,18951,N10quartz
05-PPT-05,Promontory Point,18614,N10quartz
05-PPT-05,Promontory Point,18907,N10quartz
05-PPT-05,Promontory Point,18678,N10quartz
05-PPT-05,Promontory Point,20369,N10quartz
05-PPT-05,Promontory Point,0,N14quartz
05-PPT-05,Promontory Point,0,N14quartz
05-PPT-05,Promontory Point,30934,N14quartz
05-PPT-05,Promontory Point,0,N14quartz
05-PPT-08,Promontory Point,18762,N10quartz
05-PPT-08,Promontory Point,18337,N10quartz
05-PPT-08,Promontory Point,18228,N10quartz
05-PPT-08,Promontory Point,19302,N10quartz
05-PPT-08,Promontory Point,18375,N10quartz
05-PPT-08,Promontory Point,20106,N10quartz
05-PPT-08,Promontory Point,0,N14quartz
M14-B051R,samples near Penny ice cap,1639,N14quartz
M14-B096R,samples near Penny ice cap,468,N14quartz
M13-B123R,samples near Penny ice cap,989,N14quartz
M14-B182R,samples near Penny ice cap,819,N14quartz
M14-B090R,Bedrock samples adjacent to Penny Ice Cap,135,N14quartz
M14-B098R,Bedrock samples adjacent to Penny Ice Cap,2072,N14quartz
M14-B140R,Bedrock samples adjacent to Penny Ice Cap,1153,N14quartz
M13-B095R,Bedrock samples adjacent to Penny Ice Cap,1078,N14quartz
M13-B107R,Bedrock samples adjacent to Penny Ice Cap,883,N14quartz
M13-B198R,Bedrock samples adjacent to Penny Ice Cap,345,N14quartz
M14-B159R,Bedrock samples adjacent to Penny Ice Cap,1465,N14quartz
M14-B166R,Bedrock samples adjacent to Penny Ice Cap,2853,N14quartz
M15-B046R,Bedrock samples adjacent to Penny Ice Cap,322,N14quartz
CM-2019-JIF-01,Juneau Icefield Glacier (unnamed),3161,N10quartz
CM-2019-JIF-01,Juneau Icefield Glacier (unnamed),2153,N14quartz
CM-2019-JIF-02,Juneau Icefield Glacier (unnamed),2707,N10quartz
CM-2019-JIF-02,Juneau Icefield Glacier (unnamed),4934,N14quartz
CM-2019-JIF-03,Juneau Icefield Glacier (unnamed),250,N10quartz
CM-2019-JIF-03,Juneau Icefield Glacier (unnamed),1694,N14quartz
CM-2019-JIF-04,Juneau Icefield Glacier (unnamed),3938,N10quartz
CM-2019-JIF-04,Juneau Icefield Glacier (unnamed),3206,N14quartz
CM-2019-JIF-05,Juneau Icefield Glacier (unnamed),3089,N10quartz
CM-2019-JIF-05,Juneau Icefield Glacier (unnamed),2210,N14quartz
CM-2019-JIF-06,Juneau Icefield Glacier (unnamed),249,N10quartz
CM-2019-JIF-06,Juneau Icefield Glacier (unnamed),662,N14quartz
CM-2019-JIF-07,Juneau Icefield Glacier (unnamed),847,N10quartz
CM-2019-JIF-07,Juneau Icefield Glacier (unnamed),992,N14quartz
CM-2019-JIF-08,Juneau Icefield Glacier (unnamed),2322,N10quartz
CM-2019-JIF-08,Juneau Icefield Glacier (unnamed),1730,N14quartz
CM-2019-JIF-09,Juneau Icefield Glacier (unnamed),3294,N10quartz
CM-2019-JIF-09,Juneau Icefield Glacier (unnamed),1598,N14quartz
WRR-2020-MG-01,Mammoth Glacier proglacial bedrock,6386,N10quartz
WRR-2020-MG-01,Mammoth Glacier proglacial bedrock,5568,N14quartz
WRR-2020-MG-02,Mammoth Glacier proglacial bedrock,9307,N10quartz
WRR-2020-MG-02,Mammoth Glacier proglacial bedrock,5910,N14quartz
WRR-2020-MG-03,Mammoth Glacier proglacial bedrock,7884,N10quartz
WRR-2020-MG-03,Mammoth Glacier proglacial bedrock,6616,N14quartz
WRR-2020-MG-04,Mammoth Glacier proglacial bedrock,575,N10quartz
WRR-2020-MG-04,Mammoth Glacier proglacial bedrock,579,N14quartz
WRR-2020-MG-05,Mammoth Glacier proglacial bedrock,5309,N10quartz
WRR-2020-MG-05,Mammoth Glacier proglacial bedrock,4825,N14quartz
SN-2018-CG-01,Conness Glacier proglacial bedrock,124,N10quartz
SN-2018-CG-01,Conness Glacier proglacial bedrock,184,N14quartz
SN-2018-CG-02,Conness Glacier proglacial bedrock,103,N10quartz
SN-2018-CG-02,Conness Glacier proglacial bedrock,203,N14quartz
SN-2018-CG-03,Conness Glacier proglacial bedrock,77,N10quartz
SN-2018-CG-03,Conness Glacier proglacial bedrock,112,N14quartz
SN-2018-CG-04,Conness Glacier proglacial bedrock,33,N10quartz
SN-2018-CG-04,Conness Glacier proglacial bedrock,28,N14quartz
SN-2018-CG-05,Conness Glacier proglacial bedrock,37,N10quartz
SN-2018-CG-05,Conness Glacier proglacial bedrock,82,N14quartz
SN-2018-CG-06,Conness Glacier proglacial bedrock,42,N10quartz
SN-2018-CG-06,Conness Glacier proglacial bedrock,184,N14quartz
MR-08-05,Macaulay boulder field,9722,N10quartz
MR-08-05,Macaulay boulder field,10008,N14quartz
MR-08-03,Macaulay boulder field,9605,N10quartz
MR-08-03,Macaulay boulder field,14450,N14quartz
MR-08-13,Macaulay boulder field,9747,N10quartz
MR-08-13,Macaulay boulder field,12240,N14quartz
MR-08-14,Macaulay boulder field,9607,N10quartz
MR-08-14,Macaulay boulder field,10625,N14quartz